runId,category,repetition,devices,zones,shards,intervalMs,offered,applied,p50Ms,p95Ms,p99Ms,maxMs,finalBacklog,allAppliedWithinOfferWindowProven,completionUpperBoundMarginMs,knownLateAcknowledgementsAtLeast,finalObservationDelayMs,rawSHA256
normal-r0-12-1-1788658353252,normal,0,12,3,1,1000,240,240,122,131,133,135,0,true,865,0,38,27ca043c1f2cbb0f46337d4bdf3654ee027abf1ea577b8e04511735f2876bbe9
normal-r0-60-1-1788658373448,normal,0,60,6,1,1000,1200,1200,173,216,228,232,0,true,766,0,7,9e4c42c90d0d251a203d7742376e973d09c4d047e92f2a14333f5c8db1debfab
normal-r0-180-1-1788658393710,normal,0,180,12,1,1000,3600,3600,315,425,469,497,0,true,501,0,7,d58ecc84e7743a3158e9ed74d9e167d1cc1ff2e6fdb8dff8d16010453fc7b422
normal-r1-180-1-1788658414410,normal,1,180,12,1,1000,3600,3600,324,442,465,484,0,true,515,0,6,089d8943ae6941c70565d1b347feec9c400adc49e6b9bbf13b965e0ef91d9087
normal-r1-60-1-1788658435090,normal,1,60,6,1,1000,1200,1200,172,212,223,226,0,true,774,0,5,d799094f2f465f71ccf6f1f4c572446158bce77bd6aabf32e5fc439d8c242bac
normal-r1-12-1-1788658455351,normal,1,12,3,1,1000,240,240,124,140,143,144,0,true,854,0,6,23a7c2bd7d1ee904dd3762b1bc886f7c0594d581efd3d52f003d8629db68e306
normal-r0-12-2-1788658478542,normal,0,12,3,2,1000,240,240,96,135,137,138,0,true,862,0,3,59cc8441dd81ee64c62a647fef3a85a334fe9166d4a5131077f7823d714473b3
normal-r0-60-2-1788658498674,normal,0,60,6,2,1000,1200,1200,196,251,367,377,0,true,622,0,5,817c2abbc39f7c5d0402ab603adb7584056d1498958a8bd633e7e165cff5036e
normal-r0-180-2-1788658518951,normal,0,180,12,2,1000,3600,3600,428,588,635,653,0,true,345,0,4,4ba7e4b366b9414c75f97ad502eee6ecc88d471ada4919e5ba70279ca2a4b471
normal-r1-180-2-1788658539693,normal,1,180,12,2,1000,3600,3600,419,562,601,611,0,true,388,0,4,b5f309a5366d19d711c0c0ef44afd0fae1d9ae048cbf4f82dc9372e6e6304cc6
normal-r1-60-2-1788658560392,normal,1,60,6,2,1000,1200,1200,208,264,285,290,0,true,710,0,4,c11a58c228c2dff3850609106cb5a5748dc7727a9eaf5245199530e2e189e229
normal-r1-12-2-1788658580661,normal,1,12,3,2,1000,240,240,99,130,136,137,0,true,863,0,3,2c6694704b4d3ea23727604e6ee67851f2e7d0e8fd3a66fa1754f441e826e7dc
legacy-rate-12-2-1788658600784,legacy-rate,0,12,3,2,100,720,720,104,137,150,162,0,false,-61,3,1126,0552ed058845230913c4320f8b9a677514dac5774ae90810679a0ee055a7ed50
legacy-rate-60-2-1788658608020,legacy-rate,0,60,6,2,100,3600,3600,1078,1779,1835,1862,0,false,-1761,6,4540,ec6683711c42e38625e33830fdcbba826d52038b5409fb58c64ad73caab213b9
legacy-rate-180-2-1788658618827,legacy-rate,0,180,12,2,100,10800,10800,12195,20965,21091,21139,0,false,-21040,12,28097,d18efcd614ce05a7bc8516403d0c69d13af7e7efc5439e4727f470b864cf26bc
soak-24-2-1788658653631,soak,0,24,4,2,1000,1440,1440,136,1047,3524,5217,0,false,-4220,4,133625,549d90016515c3aa1a86963875f236c591f506d6d47b6015f3063eb6cf98c281
